ID,name,description,url,created,last modified,version,contributors,associated campaigns,associated campaigns citations,relationship citations
C0010,C0010,"[C0010](https://attack.mitre.org/campaigns/C0010) was a cyber espionage campaign conducted by UNC3890 that targeted Israeli shipping, government, aviation, energy, and healthcare organizations. Security researcher assess UNC3890 conducts operations in support of Iranian interests, and noted several limited technical connections to Iran, including PDB strings and Farsi language artifacts. [C0010](https://attack.mitre.org/campaigns/C0010) began by at least late 2020, and was still ongoing as of mid-2022.(Citation: Mandiant UNC3890 Aug 2022)",https://attack.mitre.org/campaigns/C0010,21 September 2022,04 October 2022,1.0,,,,"(Citation: Mandiant UNC3890 Aug 2022),(Citation: Mandiant UNC3890 Aug 2022),"
C0011,C0011,"[C0011](https://attack.mitre.org/campaigns/C0011) was a suspected cyber espionage campaign conducted by [Transparent Tribe](https://attack.mitre.org/groups/G0134) that targeted students at universities and colleges in India. Security researchers noted this campaign against students was a significant shift from [Transparent Tribe](https://attack.mitre.org/groups/G0134)'s historic targeting Indian government, military, and think tank personnel, and assessed it was still ongoing as of July 2022.(Citation: Cisco Talos Transparent Tribe Education Campaign July 2022) ",https://attack.mitre.org/campaigns/C0011,22 September 2022,22 September 2022,1.0,,,,"(Citation: Cisco Talos Transparent Tribe Education Campaign July 2022),(Citation: Cisco Talos Transparent Tribe Education Campaign July 2022),(Citation: Cisco Talos Transparent Tribe Education Campaign July 2022)"
C0015,C0015,"[C0015](https://attack.mitre.org/campaigns/C0015) was a ransomware intrusion during which the unidentified attackers used [Bazar](https://attack.mitre.org/software/S0534), [Cobalt Strike](https://attack.mitre.org/software/S0154), and [Conti](https://attack.mitre.org/software/S0575), along with other tools, over a 5 day period. Security researchers assessed the actors likely used the widely-circulated [Conti](https://attack.mitre.org/software/S0575) ransomware playbook based on the observed pattern of activity and operator errors.(Citation: DFIR Conti Bazar Nov 2021)",https://attack.mitre.org/campaigns/C0015,29 September 2022,29 September 2022,1.0,"Matt Brenton, Zurich Insurance Group",,,"(Citation: DFIR Conti Bazar Nov 2021),(Citation: DFIR Conti Bazar Nov 2021),"
C0004,CostaRicto,"[CostaRicto](https://attack.mitre.org/campaigns/C0004) was a suspected hacker-for-hire cyber espionage campaign that targeted multiple industries worldwide, with a large number being financial institutions. [CostaRicto](https://attack.mitre.org/campaigns/C0004) actors targeted organizations in Europe, the Americas, Asia, Australia, and Africa, with a large concentration in South Asia (especially India, Bangladesh, and Singapore), using custom malware, open source tools, and a complex network of proxies and SSH tunnels.(Citation: BlackBerry CostaRicto November 2020)",https://attack.mitre.org/campaigns/C0004,15 September 2022,05 October 2022,1.0,,,,"(Citation: BlackBerry CostaRicto November 2020),(Citation: BlackBerry CostaRicto November 2020),"
C0001,Frankenstein,"[Frankenstein](https://attack.mitre.org/campaigns/C0001) was described by security researchers as a highly-targeted campaign conducted by moderately sophisticated and highly resourceful threat actors in early 2019. The unidentified actors primarily relied on open source tools, including [Empire](https://attack.mitre.org/software/S0363). The campaign name refers to the actors' ability to piece together several unrelated open-source tool components.(Citation: Talos Frankenstein June 2019)",https://attack.mitre.org/campaigns/C0001,07 September 2022,21 September 2022,1.0,,,,"(Citation: Talos Frankenstein June 2019),(Citation: Talos Frankenstein June 2019),"
C0007,FunnyDream,"[FunnyDream](https://attack.mitre.org/campaigns/C0007) was a suspected Chinese cyber espionage campaign that targeted government and foreign organizations in Malaysia, the Philippines, Taiwan, Vietnam, and other parts of Southeast Asia. Security researchers linked the [FunnyDream](https://attack.mitre.org/campaigns/C0007) campaign to possible Chinese-speaking threat actors through the use of the [Chinoxy](https://attack.mitre.org/software/S1041) backdoor and noted infrastructure overlap with the TAG-16 threat group.(Citation: Bitdefender FunnyDream Campaign November 2020)(Citation: Kaspersky APT Trends Q1 2020)(Citation: Recorded Future Chinese Activity in Southeast Asia December 2021)",https://attack.mitre.org/campaigns/C0007,20 September 2022,10 October 2022,1.0,,,,"(Citation: Bitdefender FunnyDream Campaign November 2020),(Citation: Bitdefender FunnyDream Campaign November 2020),"
C0002,Night Dragon,"[Night Dragon](https://attack.mitre.org/campaigns/C0002) was a cyber espionage campaign that targeted oil, energy, and petrochemical companies, along with individuals and executives in Kazakhstan, Taiwan, Greece, and the United States. The unidentified threat actors searched for information related to oil and gas field production systems, financials, and collected data from SCADA systems. Based on the observed techniques, tools, and network activities, security researchers assessed the campaign involved a threat group based in China.(Citation: McAfee Night Dragon)",https://attack.mitre.org/campaigns/C0002,08 September 2022,22 September 2022,1.0,,,,"(Citation: McAfee Night Dragon),(Citation: McAfee Night Dragon),"
C0012,Operation CuckooBees,"[Operation CuckooBees](https://attack.mitre.org/campaigns/C0012) was a cyber espionage campaign targeting technology and manufacturing companies in East Asia, Western Europe, and North America since at least 2019. Security researchers noted the goal of [Operation CuckooBees](https://attack.mitre.org/campaigns/C0012), which was still ongoing as of May 2022, was likely the theft of proprietary information, research and development documents, source code, and blueprints for various technologies. Researchers assessed [Operation CuckooBees](https://attack.mitre.org/campaigns/C0012) was conducted by actors affiliated with [Winnti Group](https://attack.mitre.org/groups/G0044), [APT41](https://attack.mitre.org/groups/G0096), and BARIUM.(Citation: Cybereason OperationCuckooBees May 2022)",https://attack.mitre.org/campaigns/C0012,22 September 2022,13 October 2022,1.0,"Andrea Serrano Urea, Telef√≥nica Tech",,,"(Citation: Cybereason OperationCuckooBees May 2022),(Citation: Cybereason OperationCuckooBees May 2022),"
C0016,Operation Dust Storm,"[Operation Dust Storm](https://attack.mitre.org/campaigns/C0016) was a long-standing persistent cyber espionage campaign that targeted multiple industries in Japan, South Korea, the United States, Europe, and several Southeast Asian countries. By 2015, the [Operation Dust Storm](https://attack.mitre.org/campaigns/C0016) threat actors shifted from government and defense-related intelligence targets to Japanese companies or Japanese subdivisions of larger foreign organizations supporting Japan's critical infrastructure, including electricity generation, oil and natural gas, finance, transportation, and construction.(Citation: Cylance Dust Storm)

[Operation Dust Storm](https://attack.mitre.org/campaigns/C0016) threat actors also began to use Android backdoors in their operations by 2015, with all identified victims at the time residing in Japan or South Korea.(Citation: Cylance Dust Storm)",https://attack.mitre.org/campaigns/C0016,29 September 2022,30 September 2022,1.0,,,,"(Citation: Cylance Dust Storm),(Citation: Cylance Dust Storm),"
C0006,Operation Honeybee,"[Operation Honeybee](https://attack.mitre.org/campaigns/C0006) was a campaign that targeted humanitarian aid and inter-Korean affairs organizations from at least late 2017 through early 2018. [Operation Honeybee](https://attack.mitre.org/campaigns/C0006) initially targeted South Korea, but expanded to include Vietnam, Singapore, Japan, Indonesia, Argentina, and Canada. Security researchers assessed the threat actors were likely Korean speakers based on metadata used in both lure documents and executables, and named the campaign ""Honeybee"" after the author name discovered in malicious Word documents.(Citation: McAfee Honeybee) ",https://attack.mitre.org/campaigns/C0006,16 September 2022,13 October 2022,1.0,,,,"(Citation: McAfee Honeybee),(Citation: McAfee Honeybee),"
C0013,Operation Sharpshooter,"[Operation Sharpshooter](https://attack.mitre.org/campaigns/C0013) was a global cyber espionage campaign that targeted nuclear, defense, government, energy, and financial companies, with many located in Germany, Turkey, the United Kingdom, and the United States. Security researchers noted the campaign shared many similarities with previous [Lazarus Group](https://attack.mitre.org/groups/G0032) operations, including fake job recruitment lures and shared malware code.(Citation: McAfee Sharpshooter December 2018)(Citation: Bleeping Computer Op Sharpshooter March 2019)(Citation: Threatpost New Op Sharpshooter Data March 2019)    ",https://attack.mitre.org/campaigns/C0013,26 September 2022,13 October 2022,1.0,,,,"(Citation: Bleeping Computer Op Sharpshooter March 2019),(Citation: McAfee Sharpshooter December 2018),(Citation: Threatpost New Op Sharpshooter Data March 2019),(Citation: Bleeping Computer Op Sharpshooter March 2019),(Citation: McAfee Sharpshooter December 2018),"
C0005,Operation Spalax,"[Operation Spalax](https://attack.mitre.org/campaigns/C0005) was a campaign that primarily targeted Colombian government organizations and private companies, particularly those associated with the energy and metallurgical industries. The [Operation Spalax](https://attack.mitre.org/campaigns/C0005) threat actors distributed commodity malware and tools using generic phishing topics related to COVID-19, banking, and law enforcement action. Security researchers noted indicators of compromise and some infrastructure overlaps with other campaigns dating back to April 2018, including at least one separately attributed to [APT-C-36](https://attack.mitre.org/groups/G0099), however identified enough differences to report this as separate, unattributed activity.(Citation: ESET Operation Spalax Jan 2021)  ",https://attack.mitre.org/campaigns/C0005,16 September 2022,13 October 2022,1.0,,,,"(Citation: ESET Operation Spalax Jan 2021),(Citation: ESET Operation Spalax Jan 2021),"
C0014,Operation Wocao,"[Operation Wocao](https://attack.mitre.org/campaigns/C0014) was a cyber espionage campaign that targeted organizations around the world, including in Brazil, China, France, Germany, Italy, Mexico, Portugal, Spain, the United Kingdom, and the United States. The suspected China-based actors compromised government organizations and managed service providers, as well as aviation, construction, energy, finance, health care, insurance, offshore engineering, software development, and transportation companies.(Citation: FoxIT Wocao December 2019)

Security researchers assessed the [Operation Wocao](https://attack.mitre.org/campaigns/C0014) actors used similar TTPs and tools as APT20, suggesting a possible overlap. [Operation Wocao](https://attack.mitre.org/campaigns/C0014) was named after an observed command line entry by one of the threat actors, possibly out of frustration from losing webshell access.(Citation: FoxIT Wocao December 2019)",https://attack.mitre.org/campaigns/C0014,27 September 2022,13 October 2022,1.0,"Erik Schamper, @Schamperr, Fox-IT; Maarten van Dantzig, @MaartenVDantzig, Fox-IT",,,"(Citation: FoxIT Wocao December 2019),(Citation: FoxIT Wocao December 2019),"
